Date,Close/Last,Volume,Open,High,Low
08/01/2022,$150.98,4463512,$146.65,$153.85,$143.38
07/29/2022,$149.91,5250730,$145,$149.97,$142.05
07/28/2022,$143.28,5740717,$140.22,$143.28,$134.32
07/27/2022,$141.3,5513717,$136.43,$142.6499,$133.79
07/26/2022,$130.12,7205759,$137,$137.44,$129.78
07/25/2022,$140.26,5922122,$141,$142.95,$136.84
07/22/2022,$142.99,7918718,$157.64,$161.15,$142.12
07/21/2022,$157.73,4598416,$155.47,$161.3,$154.48
07/20/2022,$156.9,6461486,$147.94,$158.54,$147.0001
07/19/2022,$146.46,5782195,$149,$149.25,$141.4265
07/18/2022,$146.47,5710545,$150.5,$154.54,$145.8
07/15/2022,$147.95,5836409,$146.81,$150.22,$143.24
07/14/2022,$146.2,5345742,$148.6,$148.905,$141.57
07/13/2022,$149.6,6728649,$142.45,$154.29,$141.28
07/12/2022,$145.43,6783474,$157,$159.8,$144.1806
07/11/2022,$155.4,4141473,$158.05,$159.4,$152.6
07/08/2022,$159.68,6302316,$156.27,$164.78,$153.1
07/07/2022,$159.07,5823107,$155.06,$159.61,$152.1601
07/06/2022,$154,7381227,$154.96,$161.28,$152.12
07/05/2022,$154.9,8432449,$142,$155.6,$140.05
07/01/2022,$144.53,5787959,$140.085,$146.6697,$139.0101
06/30/2022,$139.06,6208495,$141.75,$142.98,$136.13
06/29/2022,$143.03,4794689,$141.65,$144.22,$139.35
06/28/2022,$143.76,10125750,$154.62,$154.62,$142.81
06/27/2022,$148.15,7273535,$150.38,$152.2,$144.29
06/24/2022,$151.53,12204580,$144,$152.02,$143.84
06/23/2022,$143.11,16880220,$136.28,$143.8698,$131.55
06/22/2022,$127.36,5996998,$120.87,$129.98,$120.13
06/21/2022,$122.54,5005586,$122.6,$125.88,$122
06/17/2022,$119.38,5754390,$114.5,$120.575,$114.28
06/16/2022,$114.38,6207314,$118.19,$119.6,$113.75
06/15/2022,$122.54,10479810,$118.65,$124.35,$115.72
06/14/2022,$113.87,7119013,$113.3,$116.5,$110.265
06/13/2022,$113.3,7139333,$114.49,$118.1799,$112.11
06/10/2022,$122.42,8900142,$129,$129.39,$119.43
06/09/2022,$133.23,7253735,$136.18,$139.675,$130.78
06/08/2022,$135.57,5157514,$131.23,$136.29,$130.03
06/07/2022,$131.26,5812015,$126,$131.9,$124.31
06/06/2022,$128.07,5189339,$132.6,$134.48,$125.78
06/03/2022,$129.82,6696782,$134.98,$138.24,$128.85
06/02/2022,$138.24,8477360,$126.81,$140.7,$126.11
06/01/2022,$126.15,12114960,$129.36,$135.83,$123.82
05/31/2022,$127.65,11346160,$130,$131.905,$124.69
05/27/2022,$129.91,16797590,$127.9,$130.61,$123.31
05/26/2022,$126.8,35730320,$117.03,$134.5,$112.1
05/25/2022,$132.77,13474740,$128.61,$135.615,$126.9
05/24/2022,$129.63,8593462,$138.14,$138.62,$125.77
05/23/2022,$138.85,6250402,$138.38,$142.78,$133.51
05/20/2022,$141.49,7485222,$148,$148.98,$134.26
05/19/2022,$146.82,7643114,$140.04,$152.63,$138.6849
05/18/2022,$137.76,6221689,$142.45,$146.35,$134.1001
05/17/2022,$145.81,7512956,$151.35,$153.88,$138.34
05/16/2022,$144.51,5964496,$155.44,$159.15,$143.52
05/13/2022,$158.36,8540412,$145.1,$159.72,$145.1
05/12/2022,$140.6,9381475,$130.12,$146.89,$126.01
05/11/2022,$132.88,8271568,$139.53,$147.36,$132.15
05/10/2022,$143.76,9287239,$149.4,$152.26,$132
05/09/2022,$143.29,9364657,$152.05,$155.74,$142.05
05/06/2022,$155.27,8785077,$164.34,$165.69,$151.21
05/05/2022,$166.18,8838721,$179.59,$179.95,$162.51
05/04/2022,$186,6957355,$178.75,$187.23,$166.67
05/03/2022,$176.42,4610042,$176.6,$181.09,$172.1801
05/02/2022,$177.76,4614623,$170.31,$177.98,$167.14
04/29/2022,$171.44,6805143,$187.45,$195.84,$171.125
04/28/2022,$185.71,6166119,$179,$187.66,$172.35
04/27/2022,$174.95,5688333,$183.65,$188.63,$173.8
04/26/2022,$178.76,5078108,$185.42,$186.85,$176.7914
04/25/2022,$186.94,7585593,$176,$190.7851,$175.2
04/22/2022,$173.8,3986552,$178.78,$181.18,$172.76
04/21/2022,$175.14,5417298,$188.93,$193.41,$174.68
04/20/2022,$185.98,4713089,$199.49,$199.49,$185.39
04/19/2022,$197.43,4517427,$193.84,$202.49,$190.0984
04/18/2022,$192.39,4037376,$198.21,$199.49,$189.88
04/14/2022,$198.63,6470090,$214.98,$215,$198.56
04/13/2022,$214.41,3393849,$209.97,$216.5,$209.79
04/12/2022,$210.94,6790304,$213.13,$222,$209.72
04/11/2022,$208.53,4482179,$207.4,$214.71,$201.63
04/08/2022,$208.34,3947517,$209.84,$213.67,$206.5401
04/07/2022,$213.88,6089231,$212.4,$217.3,$203.08
04/06/2022,$212.09,7872119,$221.25,$221.39,$205.89
04/05/2022,$227.09,4820408,$239.27,$240.91,$224.1
04/04/2022,$241.23,3384473,$235.38,$243.33,$234.665
04/01/2022,$234.81,5847447,$229.31,$244.05,$228.4701
03/31/2022,$229.13,3842281,$230.99,$237.3015,$227
03/30/2022,$231.63,5388589,$236.01,$244.39,$228.54
03/29/2022,$239.67,6886226,$240,$246.5199,$236
03/28/2022,$235.89,7485537,$220,$238.5384,$219.0101
03/25/2022,$219.81,4538904,$227.8,$231.7699,$216.23
03/24/2022,$227.57,4723084,$222,$227.71,$210
03/23/2022,$222.24,4043311,$221.18,$228.7799,$216.81
03/22/2022,$224.96,6100404,$212.79,$229.34,$210.5701
03/21/2022,$212.97,6802244,$217.76,$222.17,$206.06
03/18/2022,$222.85,10058160,$212.08,$225.43,$209.11
03/17/2022,$208.85,8301081,$195,$210.76,$191.06
03/16/2022,$197.84,13954580,$177.02,$198.16,$176.23
03/15/2022,$170.78,8147709,$168.98,$172,$164.29
03/14/2022,$166.75,7706369,$178.86,$181.5,$164.36
03/11/2022,$180.42,5857237,$200,$200.01,$179.93
03/10/2022,$197.85,4517322,$202.97,$202.97,$192.25
03/09/2022,$207.56,5929835,$201.44,$210.11,$196.7
03/08/2022,$191.61,8598340,$191,$199.46,$182.74
03/07/2022,$193,8270380,$215.26,$219.835,$192.405
03/04/2022,$209.65,10412240,$219.27,$224.42,$208.05
03/03/2022,$224.02,33628780,$223.417,$234,$215.71
03/02/2022,$264.69,13372780,$265.65,$268.5,$250.58
03/01/2022,$263.19,2975430,$267.54,$272.88,$261.31
02/28/2022,$265.66,4496529,$267.99,$274.5773,$260.7
02/25/2022,$269.42,2730113,$267.8,$275.895,$263.01
02/24/2022,$269.87,5006416,$242.61,$270.43,$240.1
02/23/2022,$252.63,3094268,$272.42,$276.87,$252
02/22/2022,$267.78,3624374,$271.06,$282.48,$264.53
02/18/2022,$273.77,3939524,$290.96,$295,$272.63
02/17/2022,$286.28,3381932,$298.02,$304.85,$285.5
02/16/2022,$304.7,2929330,$295,$306.07,$294.15
02/15/2022,$300,2756759,$298.83,$302,$291.85
02/14/2022,$291.13,2506942,$294.06,$300.801,$290.33
02/11/2022,$293.69,4693506,$312,$321.3285,$288.59
02/10/2022,$311.11,6054355,$300.2,$329.49,$299.5
02/09/2022,$307.94,2730768,$304.9,$308.2,$299
02/08/2022,$293.51,2717317,$287.2,$298.5,$287.2
02/07/2022,$293.19,8317063,$291,$304.46,$286.7701
02/04/2022,$275.72,4393426,$262.56,$283,$255.38
02/03/2022,$256.26,3197715,$254.2,$266,$251
02/02/2022,$268.28,2751182,$282.56,$282.8,$265.33
02/01/2022,$283.76,3219451,$281.8,$286.85,$270.33
01/31/2022,$275.9,3984352,$261,$276.17,$258.161
01/28/2022,$253.52,4990034,$244,$254.14,$232.83
01/27/2022,$244.72,4670658,$259.71,$262,$241.86
01/26/2022,$253.1,5117467,$272.5,$276.7399,$248.138
01/25/2022,$263.43,4707248,$275.27,$278.49,$257.78
01/24/2022,$277.5,7170201,$260.21,$281.57,$245.2
01/21/2022,$267.56,4507216,$278.74,$282.95,$264.7
01/20/2022,$279.27,2747339,$290.46,$297.5,$278.52
01/19/2022,$282.56,2887726,$289.02,$298.11,$282.5
01/18/2022,$287.68,3849412,$289.32,$296.97,$282.09
01/14/2022,$289.59,2888174,$287.69,$297.38,$283.121
01/13/2022,$291.76,3076803,$308.65,$308.99,$291.0393
01/12/2022,$307.14,3630529,$316,$316,$303.41
01/11/2022,$301.27,3083416,$296.26,$308.55,$293.3306
01/10/2022,$302.73,5469417,$290,$303.09,$273.83
01/07/2022,$299.68,2700554,$296.98,$307.5747,$292.06
01/06/2022,$297.09,3936874,$294.24,$306.56,$286
01/05/2022,$296.87,4431391,$308.4,$315.34,$291.56
01/04/2022,$315.53,5695736,$330.25,$330.51,$298.71
01/03/2022,$332.01,2596992,$341,$344,$322.275
12/31/2021,$338.75,1697265,$342,$347.7,$331.18
12/30/2021,$340.63,1272621,$340,$347.7,$339.42
12/29/2021,$344.21,1739416,$340,$345.9,$334.7
12/28/2021,$340.18,1787290,$354.07,$354.92,$339.5
12/27/2021,$351.99,1324652,$351,$358.58,$349.79
12/23/2021,$349.22,1540241,$355,$356.4877,$349.05
12/22/2021,$358.1,1828573,$355.63,$362.52,$349.14
12/21/2021,$354.82,2793723,$336.2,$357.11,$330.18
12/20/2021,$331.07,2065157,$326.49,$337.82,$323.06
12/17/2021,$332.33,3842628,$322.79,$337.72,$318.48
12/16/2021,$324.98,8171635,$349.41,$352.94,$312.0001
12/15/2021,$360.34,2847068,$347.99,$361.71,$345
12/14/2021,$350.6,3623644,$344.09,$357.75,$340.01
12/13/2021,$353.91,4800312,$363.71,$377.26,$348.56
12/10/2021,$371.24,3679293,$364,$374.72,$362.18
12/09/2021,$361.32,2464918,$370,$370.73,$358.64
12/08/2021,$370.28,2675724,$362.45,$373.95,$351.31
12/07/2021,$363.25,4377233,$348.42,$375,$348.12
12/06/2021,$341.66,3865780,$340.26,$349.74,$324.0013
12/03/2021,$345.11,6019308,$358.19,$360.005,$330.82
12/02/2021,$360.28,15083120,$350,$361.599,$328.6101
12/01/2021,$311,6871873,$344,$347.6899,$305.61
11/30/2021,$340.15,5545394,$366.3,$367.7462,$337.455
11/29/2021,$364.78,3126538,$372.36,$378.105,$356.701
11/26/2021,$362.6,1571620,$349.92,$363.45,$349.25
11/24/2021,$355.36,2380691,$340,$357.85,$337.5
11/23/2021,$343.57,4762684,$343,$353.5,$335.05
11/22/2021,$355.96,6071926,$392.1,$392.3999,$353.2902
11/19/2021,$392.15,2335032,$395,$400.6034,$390.55
11/18/2021,$397.43,2799384,$399,$404.365,$396.39
11/17/2021,$398,2837819,$400.83,$405,$395.55
11/16/2021,$401.89,3374739,$395,$403.65,$392.85
11/15/2021,$393.7,3745730,$385.5,$394.7183,$383.67
11/12/2021,$386.5,2997066,$377.39,$386.99,$374.62
11/11/2021,$369.14,1587051,$364.34,$372,$364.14
11/10/2021,$361.08,2362425,$370.3,$372.11,$358.92
11/09/2021,$376.7,2128317,$371.06,$377.13,$363.68
11/08/2021,$370.73,1527456,$367.1,$374.87,$364
11/05/2021,$364.8,2103120,$357.93,$365.79,$357.28
11/04/2021,$356.79,1468367,$354.8,$358.05,$351.01
11/03/2021,$353.14,2566047,$356,$357.405,$346.36
11/02/2021,$359.64,1582829,$359.42,$363.79,$355.22
11/01/2021,$357.73,2139067,$353.84,$359.07,$351.58
10/29/2021,$353.84,1687572,$348.11,$356,$347.36
10/28/2021,$348,1753174,$346.48,$352.6127,$343.17
10/27/2021,$347.1,2656502,$342.8,$351.95,$342.24
10/26/2021,$342.24,1637123,$345.35,$346.64,$336
10/25/2021,$341.5,1134177,$341.11,$347.9067,$339.105
10/22/2021,$339.78,1025982,$340.39,$344.213,$336.22
10/21/2021,$342.05,1514166,$334,$344.86,$331.51
10/20/2021,$334.13,2093267,$340,$340.6881,$332.7
10/19/2021,$339.74,2371062,$339.86,$344.5,$338.51
10/18/2021,$337.88,5323331,$332,$340.99,$330.7
10/15/2021,$333.57,1729111,$334.9,$335.71,$329.45
10/14/2021,$332.12,2731650,$330.22,$338.36,$329.89
10/13/2021,$327.85,4610220,$316.16,$329.75,$314.024
10/12/2021,$312.94,1738375,$310.78,$315.92,$308.55
10/11/2021,$309.79,1184468,$312.99,$317.3,$309.18
10/08/2021,$313.52,1793195,$323.45,$325.38,$313.2
10/07/2021,$320.05,2548491,$311.03,$322.91,$310.5
10/06/2021,$309.62,2018543,$297,$310.06,$295.73
10/05/2021,$300.28,2131649,$290.01,$303.3,$290.01
10/04/2021,$294.68,1955900,$300.01,$300.475,$290.2829
10/01/2021,$303.72,1727520,$301.33,$305.72,$298.17
09/30/2021,$302.43,2591667,$301,$305.01,$297.92
09/29/2021,$293.8,2164070,$301.42,$304,$291.62
09/28/2021,$298,3450135,$306.75,$306.75,$294.02
09/27/2021,$311.2,2027549,$309.56,$315.66,$307.694
09/24/2021,$316.47,1600363,$321.88,$321.88,$314.71
09/23/2021,$321.5,2089573,$319,$322.8399,$315.95
09/22/2021,$315.11,1835795,$313.16,$317.88,$310.5
09/21/2021,$314.27,2655891,$314.65,$317,$311.4
09/20/2021,$310.07,5003770,$312.43,$316.23,$304.14
09/17/2021,$322.8,21114020,$322.16,$328.06,$320.07
09/16/2021,$323.52,5274769,$322.48,$325.1,$319.175
09/15/2021,$324.08,4161384,$316.19,$324.47,$313.29
09/14/2021,$319.25,3555098,$318.74,$325.25,$317.52
09/13/2021,$318.45,4096298,$318.26,$323.78,$299.61
09/10/2021,$318.54,3313462,$321.68,$324.18,$316.19
09/09/2021,$319.97,3907793,$312.97,$321.8899,$309.5
09/08/2021,$318.1,7135035,$312.23,$319.86,$308.88
09/07/2021,$312.49,4303225,$308.48,$314.37,$304.27
09/03/2021,$310,3634774,$306.95,$310,$304.1
09/02/2021,$306.89,4906066,$300,$309.25,$299.41
09/01/2021,$301.02,3567347,$304.35,$306.355,$298.92
08/31/2021,$304.35,14711700,$299.5,$304.53,$294.44
08/30/2021,$297.85,4996509,$293.74,$299.5,$282.2
08/27/2021,$297.71,6587022,$299.73,$300.45,$294.07
08/26/2021,$305.26,13031300,$299,$307.42,$290.51
08/25/2021,$283.76,5236957,$282.62,$286.35,$279.3
08/24/2021,$281.37,3635689,$280,$288.64,$278.5
08/23/2021,$276.44,3624765,$268.16,$278.97,$267.2994
08/20/2021,$266.67,13193810,$268.03,$268.95,$247.88
08/19/2021,$279.45,1790038,$276,$284.56,$275.25
08/18/2021,$280,2345558,$279.96,$286.21,$274.55
08/17/2021,$278,2168140,$274.5,$281.53,$271.38
08/16/2021,$282.17,3109899,$288.41,$292.2,$276.44
08/13/2021,$291.52,3281121,$285.6,$291.77,$282.75
08/12/2021,$286.28,4200252,$278.69,$287.98,$275.3
08/11/2021,$275.87,1746996,$276.1,$277.99,$270.73
08/10/2021,$274.49,2510950,$278,$280.48,$272.66
08/09/2021,$280,2736825,$277.76,$281.98,$276.5001
08/06/2021,$277.48,3019606,$275.71,$278.4028,$269.69
08/05/2021,$276.99,2539675,$270.65,$278.47,$268.41
08/04/2021,$273.37,4787011,$278.06,$278.93,$269.9
08/03/2021,$284.58,7741413,$272,$285.84,$271.24
08/02/2021,$268.29,1912241,$266.04,$271.09,$261.5401
07/30/2021,$265.72,1765506,$265,$272.88,$264.1
07/29/2021,$268.26,2208292,$270,$274.99,$267.35
07/28/2021,$269.36,1712665,$262.51,$270.98,$261.1155
07/27/2021,$262.68,2949525,$268.5,$269.36,$255
07/26/2021,$268.8,2488079,$262.69,$269.75,$262.21
07/23/2021,$264.92,2634805,$267.34,$271.61,$264.27
07/22/2021,$267.3,2979391,$261.9,$269.17,$261.36
07/21/2021,$259.3,1939131,$255.67,$260.5699,$251.14
07/20/2021,$256.27,1659740,$253,$259.1899,$248.63
07/19/2021,$252.28,2338783,$245.94,$254.35,$242.01
07/16/2021,$250.82,2255094,$251.56,$253.42,$245.5
07/15/2021,$251,3342472,$254.59,$257.63,$247.1993
07/14/2021,$252.54,3287250,$268.91,$269.6765,$252.06
07/13/2021,$264.62,6241644,$266.44,$275,$263.72
07/12/2021,$267.06,4560148,$267.5,$269.35,$258.88
07/09/2021,$269.49,9866510,$250,$272,$249.82
07/08/2021,$250.3,3833718,$243.14,$254,$241.23
07/07/2021,$248.75,3688323,$242,$249.24,$241.03
07/06/2021,$239.05,1982842,$235.05,$241.09,$234.78
07/02/2021,$237.24,1333917,$239.5,$241.21,$236.9
07/01/2021,$236.75,2350066,$240.42,$241.64,$235.7161
06/30/2021,$241.8,3024592,$244.29,$245.17,$238.64
06/29/2021,$245.8,2291743,$248,$251,$245.08
06/28/2021,$247.67,3081385,$248.43,$249.48,$243.62
06/25/2021,$247.09,9235731,$252,$253.27,$247.02
06/24/2021,$251.25,3388514,$250,$253.32,$247.37
06/23/2021,$249,2696274,$248.1,$250.1,$244.47
06/22/2021,$249.29,5905311,$247,$252.82,$245.36
06/21/2021,$248.29,4794352,$247.22,$250,$241.65
06/18/2021,$249.4,6413040,$246.57,$250,$243.05
06/17/2021,$245.53,6603887,$234.5,$248.68,$231.52
06/16/2021,$238.84,5125162,$239.81,$243.7954,$235.5822
06/15/2021,$241.41,2660133,$244.72,$247.358,$239.5154
06/14/2021,$244.2,3855256,$242.7,$248.1,$241.27
06/11/2021,$240.6,7123197,$239,$242.53,$233.75
06/10/2021,$248.8,3073196,$247.3,$250.7,$243.5417
06/09/2021,$247.01,4214676,$250.35,$255,$245.72
06/08/2021,$250.32,3618311,$252.99,$255.99,$246.645
06/07/2021,$250.57,7385871,$244.65,$252.55,$240.005
06/04/2021,$242.56,2630028,$240.73,$244.86,$237.5
06/03/2021,$238.43,3598135,$240,$243.23,$233.36
06/02/2021,$243.18,4016286,$240.74,$248.2,$239.6
06/01/2021,$240.81,3772977,$239.5,$243.56,$235.51
05/28/2021,$238.03,5763230,$238.2,$244.22,$237
05/27/2021,$245.15,17722060,$226.5,$246.475,$220
05/26/2021,$235.25,6346408,$231,$236.36,$228.3
05/25/2021,$229.96,2863759,$236.53,$236.7,$228.5734
05/24/2021,$233.92,2475288,$235,$236.94,$231.78
05/21/2021,$233.39,3786898,$230.85,$235.25,$230.79
05/20/2021,$230.56,6326900,$229.76,$236.17,$227.43
05/19/2021,$228.81,4644908,$214.82,$229,$213.68
05/18/2021,$223.53,6401556,$219.44,$227.13,$214.75
05/17/2021,$212.65,4650834,$208.45,$217.8,$205.45
05/14/2021,$209.99,7829228,$196,$210.88,$194.62
05/13/2021,$188.24,3816525,$193,$196.5,$184.71
05/12/2021,$191.38,5558892,$196,$196.4,$189.77
05/11/2021,$201.46,5002646,$189.66,$204.27,$187.1
05/10/2021,$193.82,5662522,$202.2,$204.63,$192.61
05/07/2021,$206.04,5976688,$206.49,$214.32,$205.215
05/06/2021,$199.84,8326659,$210,$211.83,$192.41
05/05/2021,$213.79,1544116,$220.24,$222.095,$211.89
05/04/2021,$218.4,2653046,$220.41,$220.7,$213.9
05/03/2021,$223.69,1939411,$232.3,$232.815,$222.88
04/30/2021,$231.59,1893545,$226.75,$235.99,$226
04/29/2021,$229.55,2415352,$236.5,$237.8058,$227.099
04/28/2021,$236.64,1347021,$236,$239.72,$234.1
04/27/2021,$238.17,2079613,$239.8,$241.22,$234.19
04/26/2021,$237.75,2034985,$235.73,$241.06,$234.57
04/23/2021,$235.64,1329739,$231.44,$236.58,$231.44
04/22/2021,$231.44,2045080,$233.33,$239,$229.23
04/21/2021,$231.39,1454840,$222,$231.87,$221.6771
04/20/2021,$225.22,2869352,$229,$231.25,$220.5
04/19/2021,$229.07,1917065,$230,$233.9,$225.46
04/16/2021,$232.74,1574991,$235.73,$235.96,$229
04/15/2021,$236.38,2262603,$232.99,$236.8,$232.1
04/14/2021,$229.14,3503649,$240,$243.49,$228.4
04/13/2021,$238.08,3031072,$234.5,$239.78,$232.33
04/12/2021,$233.39,2376227,$225,$234.1591,$223.79
04/09/2021,$226.89,5352965,$233.58,$234.66,$223.73
04/08/2021,$233.75,4667912,$237.2,$242.87,$233.01
04/07/2021,$233.97,2072243,$234.51,$240,$232.38
04/06/2021,$236.01,2433733,$232,$239.41,$229.53
04/05/2021,$232.32,2235499,$237.8,$238.5,$229.5
04/01/2021,$236.79,2905146,$234.95,$237.59,$232.02
03/31/2021,$229.28,3680187,$222.72,$234.06,$222.45
03/30/2021,$222.07,3496450,$221.35,$224.77,$216.26
03/29/2021,$223.49,4373889,$230.55,$236.22,$221.04
03/26/2021,$235,8978704,$220,$235,$219
03/25/2021,$216.95,4404852,$206.39,$218.71,$205.07
03/24/2021,$208.6,4586235,$221,$223.62,$208.6
03/23/2021,$220,3550246,$224,$229.25,$218.173
03/22/2021,$220.75,2743590,$220.82,$224.07,$220.27
03/19/2021,$220.82,5685976,$216.5,$223.29,$215.26
03/18/2021,$216.7,3970694,$227.63,$227.71,$216.1
03/17/2021,$230.3,3934591,$223,$233.33,$223
03/16/2021,$232.14,5563973,$239,$242.5,$229.01
03/15/2021,$238.76,8004291,$230.98,$241.6,$230.75
03/12/2021,$230,3741743,$233.83,$235.65,$227.75
03/11/2021,$237.81,5731082,$235,$241.5479,$233.2
03/10/2021,$227.11,7872912,$229.32,$235.35,$221.43
03/09/2021,$230.02,6302432,$221.84,$235.47,$219.16
03/08/2021,$213.99,8311400,$235,$241.16,$212.29
03/05/2021,$239.73,20149060,$250.64,$250.73,$217.8197
03/04/2021,$249,15923130,$255.82,$279.45,$236
03/03/2021,$247.03,6234464,$270,$271.4,$246.36
03/02/2021,$270.6,2833395,$270,$280.1,$270
03/01/2021,$272.17,2762273,$269.3,$273.71,$263.29
02/26/2021,$259.54,2593106,$264.22,$266.66,$254.31
02/25/2021,$260.34,2900264,$270.18,$275.49,$255.25
02/24/2021,$273.52,2104284,$268.88,$275.25,$262.36
02/23/2021,$269.08,4018270,$260.4,$271,$242.98
02/22/2021,$269.65,3820128,$287.46,$287.77,$268
02/19/2021,$290,2305449,$292.49,$298,$287.59
02/18/2021,$289.78,2257965,$285,$296.95,$281.3054
02/17/2021,$288.78,1710305,$289,$292.82,$283.265
02/16/2021,$294.55,1986250,$304.7,$304.9876,$290.16
02/12/2021,$299.47,1518585,$299,$303.3445,$292.34
02/11/2021,$298.73,2344595,$305.25,$312.3,$296.38
02/10/2021,$305.91,3425306,$324.8,$327.41,$300
02/09/2021,$314.29,4355379,$304.5,$323.23,$302.275
02/08/2021,$304.5,2395043,$308.71,$317.8951,$302.03
02/05/2021,$306.05,1757791,$306.07,$307.07,$299.64
02/04/2021,$303.61,2192555,$309.8,$310.88,$299.03
02/03/2021,$304.64,4629249,$309.04,$318.88,$300.54
02/02/2021,$300.71,7223949,$289.71,$310.66,$286.5
02/01/2021,$282,2226874,$275.1,$283.2,$273.38
01/29/2021,$272.45,2176969,$271,$277.7784,$267.5
01/28/2021,$273.13,2435233,$277.02,$283,$268.4234
01/27/2021,$266.2,4387660,$277,$285.75,$264
01/26/2021,$280.98,1951525,$286.64,$289.24,$280.98
01/25/2021,$287.25,3750913,$292.45,$296.81,$276
01/22/2021,$285.68,2053625,$284.29,$287.48,$279
01/21/2021,$286.32,1893952,$288,$289.58,$282.6
01/20/2021,$281.88,2259898,$289,$289.1,$280.88
01/19/2021,$286.21,3143562,$293.75,$295,$284.04
01/15/2021,$291.3,3209914,$306.82,$308.67,$290.65
01/14/2021,$303.76,4585768,$305,$313.48,$300.01
01/13/2021,$296.55,2867853,$295,$306.86,$294.15
01/12/2021,$293.35,3256655,$298,$299.66,$286.2056
01/11/2021,$293.19,4524725,$295,$312.17,$287.99
01/08/2021,$300.1,9106784,$315,$325.72,$298
01/07/2021,$304.2,16546600,$272.59,$304.9,$267.7
01/06/2021,$268.02,5736765,$279.99,$283.6394,$266.41
01/05/2021,$283.83,5202595,$280.62,$293.49,$279.3
01/04/2021,$278.24,3948459,$285.41,$290.8,$274.44
12/31/2020,$281.4,5313844,$299.7,$301.5605,$280.73
12/30/2020,$300.92,2631182,$304,$307.35,$297.75
12/29/2020,$304.05,4827386,$305.25,$314.41,$298.13
12/28/2020,$302.81,4756552,$324.87,$327.79,$302.67
12/24/2020,$323.04,2191153,$334.1,$338,$321.3
12/23/2020,$331.65,2745838,$341.16,$343.3999,$328.26
12/22/2020,$341.16,4699150,$349.89,$359.55,$338.01
12/21/2020,$349.85,5879545,$329,$350,$329
12/18/2020,$334.25,8115955,$332.77,$346.88,$324.88
12/17/2020,$325.54,3717078,$333.82,$337.1,$323.4933
12/16/2020,$329.97,6427651,$328.43,$338.89,$320.09
12/15/2020,$328.61,20379220,$308.98,$329,$303.54
12/14/2020,$329.15,6977058,$352.49,$357.9799,$327.16
12/11/2020,$353.96,6362584,$360.4,$369.1,$347.26
12/10/2020,$373.28,4906271,$362,$390.07,$360.61
12/09/2020,$371.26,8980225,$393.4,$406.99,$361.0123
12/08/2020,$390,11511710,$388.8,$429,$386.25
12/07/2020,$388.96,8134890,$393.5,$404.43,$371
12/04/2020,$387.7,18611660,$335.4,$395.8,$334
12/03/2020,$339.89,11102620,$290.54,$343,$289
12/02/2020,$292.69,3575325,$293.79,$306.74,$288
12/01/2020,$305.64,2659313,$321.63,$326,$302.28
11/30/2020,$325.84,3550372,$338.38,$342,$312.13
11/27/2020,$328.79,3293763,$310,$334.62,$309.73
11/25/2020,$303.02,2912120,$277.78,$309.7699,$277.3
11/24/2020,$282.1,1735156,$275.1,$283.39,$267.49
11/23/2020,$274.15,1357373,$267.1,$274.15,$259.1
11/20/2020,$266,1598060,$269,$273.165,$264
11/19/2020,$264,1592070,$259.21,$268.57,$253.25
11/18/2020,$260.54,2202331,$253,$262.27,$250.735
11/17/2020,$248.03,1629623,$245,$251.56,$243.73
11/16/2020,$241.85,1799503,$234,$244.18,$230.25
11/13/2020,$234.8,1493720,$237.11,$241.625,$232.3
11/12/2020,$235.38,1744043,$243.8,$244.203,$232.16
11/11/2020,$240.76,1442372,$241.71,$246.89,$237.5
11/10/2020,$235.68,2266839,$249.65,$249.94,$229.98
11/09/2020,$239.84,2965923,$263.99,$265.95,$239
11/06/2020,$265,986802,$263.44,$270,$259.2
11/05/2020,$263.21,1272463,$271.48,$271.69,$258.9
11/04/2020,$263.91,1394680,$270.79,$274.87,$262.2
11/03/2020,$262.13,1376366,$256,$264.54,$254.0501
11/02/2020,$252.23,1301028,$254.1,$260.825,$247
10/30/2020,$250.02,2400377,$261.03,$262.63,$241.5
10/29/2020,$265.88,1146899,$273.8,$276.22,$264.16
10/28/2020,$272.44,2094260,$258.5,$272.53,$254.01
10/27/2020,$266.77,3492923,$254.89,$273,$253.99
10/26/2020,$251.39,4040120,$266.07,$271,$244.63
10/23/2020,$265.05,5619345,$290.34,$294,$262.24
10/22/2020,$297.09,5192823,$269.01,$301,$263
10/21/2020,$270.61,3359483,$251.65,$271.29,$250.35
10/20/2020,$251.77,1734296,$247,$252.5,$243.3
10/19/2020,$246.78,1535094,$245,$249.86,$243
10/16/2020,$242.52,1017136,$242,$245.99,$241.5901
10/15/2020,$241,1846451,$236.03,$241.355,$231.46
10/14/2020,$243.18,1711827,$251.99,$252,$239
10/13/2020,$249.61,1462376,$247,$250.5,$245.27
10/12/2020,$243.97,3138866,$250.32,$251.5,$243
10/09/2020,$238,1727964,$242,$243.695,$235.4701
10/08/2020,$240.19,1343844,$250,$250,$239.99
10/07/2020,$246,1682799,$245.5,$252.36,$245.29
10/06/2020,$245.1,1572750,$244.18,$247.99,$239.0001
10/05/2020,$240,2362078,$231.97,$243.4297,$231.2006
10/02/2020,$227.1,2726182,$232.44,$243.12,$227
10/01/2020,$243.46,3977446,$255.25,$255.91,$238
09/30/2020,$251,5418863,$261.5,$278.26,$243.05
09/29/2020,$259.13,5307254,$255,$259.7,$246.03
09/28/2020,$250.41,4241943,$235.93,$253,$235.93
09/25/2020,$229,1985530,$228.12,$236.26,$227.9001
09/24/2020,$226.74,4822045,$213.51,$230.95,$208.55
09/23/2020,$217.39,5851868,$243.5,$254.8,$213
09/22/2020,$235.16,3889138,$238.5,$239,$225.1501
09/21/2020,$228.85,5524876,$230,$241.4999,$218.6
09/18/2020,$240,7475375,$235,$249,$218.59
09/17/2020,$227.54,11907540,$230.76,$241.5,$215.2396
09/16/2020,$253.93,36230770,$245,$319,$231.11
